dataset,train_size,task_type,learning_rate,base,digits,d_model,nhead,num_decoder_layers,dim_feedforward,hidden_dim,dropout,optuna_best_value,optuna_n_trials,optuna_optimization_metric,resolution_source,checkpoint_seed,checkpoint_relative_path,optuna_source_relative_path,architecture_mismatch_keys
1000-Cameras-Dataset,664,regression,9.830725719884071e-05,2,8,512,8,5,2048,128,0.1,0.3672649745160341,25,R2,optuna_plus_checkpoint_arch_match,42,results_merge_ce/1000-Cameras-Dataset/1000-Cameras-Dataset/checkpoints_42/checkpoint_best/model.pt,results_optuna_ce/1000-Cameras-Dataset/1000-Cameras-Dataset/best_params.json,
2dplanes,26091,regression,1.2664259696358479e-05,8,6,256,8,4,2048,1024,0.1,0.9483673821502269,25,R2,optuna_plus_checkpoint_arch_match,42,results_merge_ce/2dplanes/2dplanes/checkpoints_42/checkpoint_best/model.pt,results_optuna_ce/2dplanes/2dplanes/best_params.json,
3D_Estimation_using_RSSI_of_WLAN_dataset,3686,regression,4.904009776641434e-05,8,4,256,8,4,2048,1024,0.1,0.9840547880998755,25,R2,optuna_plus_checkpoint_arch_match,42,results_merge_ce/3D_Estimation_using_RSSI_of_WLAN_dataset/3D_Estimation_using_RSSI_of_WLAN_dataset/checkpoints_42/checkpoint_best/model.pt,results_optuna_ce/3D_Estimation_using_RSSI_of_WLAN_dataset/3D_Estimation_using_RSSI_of_WLAN_dataset/best_params.json,
3D_Estimation_using_RSSI_of_WLAN_dataset_complete_1_target,9216,regression,6.111233903685128e-05,8,4,256,8,4,2048,1024,0.1,0.9661498410868435,25,R2,optuna_plus_checkpoint_arch_match,42,results_merge_ce/3D_Estimation_using_RSSI_of_WLAN_dataset_complete_1_target/3D_Estimation_using_RSSI_of_WLAN_dataset_complete_1_target/checkpoints_42/checkpoint_best/model.pt,results_optuna_ce/3D_Estimation_using_RSSI_of_WLAN_dataset_complete_1_target/3D_Estimation_using_RSSI_of_WLAN_dataset_complete_1_target/best_params.json,
Abalone_reg,2672,regression,9.850173943649322e-05,4,8,128,8,2,1024,256,0.1,0.5727505400280049,25,R2,optuna_plus_checkpoint_arch_match,42,results_merge_ce/Abalone_reg/Abalone_reg/checkpoints_42/checkpoint_best/model.pt,results_optuna_ce/Abalone_reg/Abalone_reg/best_params.json,
Ailerons,8800,regression,1e-05,2,8,256,4,3,1024,1024,0.1,0.8438090773855369,25,R2,checkpoint_defaults_due_arch_mismatch,42,results_merge_ce/Ailerons/Ailerons/checkpoints_42/checkpoint_best/model.pt,results_optuna_ce/Ailerons/Ailerons/best_params.json,"d_model,dim_feedforward,hidden_dim"
Another-Dataset-on-used-Fiat-500-(1538-rows),984,regression,4.064042869034395e-05,4,4,512,8,4,2048,128,0.1,0.8454934989500582,25,R2,optuna_plus_checkpoint_arch_match,42,results_merge_ce/Another-Dataset-on-used-Fiat-500-(1538-rows)/Another-Dataset-on-used-Fiat-500-(1538-rows)/checkpoints_42/checkpoint_best/model.pt,results_optuna_ce/Another-Dataset-on-used-Fiat-500-(1538-rows)/Another-Dataset-on-used-Fiat-500-(1538-rows)/best_params.json,
BNG(echoMonths),11196,regression,1.7960911265224074e-05,8,6,256,8,4,2048,1024,0.1,0.4712488174202112,25,R2,optuna_plus_checkpoint_arch_match,42,results_merge_ce/BNG(echoMonths)/BNG(echoMonths)/checkpoints_42/checkpoint_best/model.pt,results_optuna_ce/BNG(echoMonths)/BNG(echoMonths)/best_params.json,
BNG(lowbwt),19906,regression,7.296312489711165e-05,2,8,256,8,4,1024,128,0.1,0.5995089173126458,25,R2,optuna_plus_checkpoint_arch_match,42,results_merge_ce/BNG(lowbwt)/BNG(lowbwt)/checkpoints_42/checkpoint_best/model.pt,results_optuna_ce/BNG(lowbwt)/BNG(lowbwt)/best_params.json,
BNG(mv),50388,regression,7.296312489711165e-05,2,8,256,8,4,1024,128,0.1,0.800138686061645,25,R2,optuna_plus_checkpoint_arch_match,42,results_merge_ce/BNG(mv)/BNG(mv)/checkpoints_42/checkpoint_best/model.pt,results_optuna_ce/BNG(mv)/BNG(mv)/best_params.json,
BNG(stock),37791,regression,7.296312489711165e-05,2,8,256,8,4,1024,128,0.1,0.7917483610017453,25,R2,optuna_plus_checkpoint_arch_match,42,results_merge_ce/BNG(stock)/BNG(stock)/checkpoints_42/checkpoint_best/model.pt,results_optuna_ce/BNG(stock)/BNG(stock)/best_params.json,
Bias_correction_r,4944,regression,1e-05,2,8,256,4,3,1024,1024,0.1,0.9291408014677662,25,R2,checkpoint_defaults_due_arch_mismatch,42,results_merge_ce/Bias_correction_r/Bias_correction_r/checkpoints_42/checkpoint_best/model.pt,results_optuna_ce/Bias_correction_r/Bias_correction_r/best_params.json,"d_model,hidden_dim,num_decoder_layers"
Bias_correction_r_2,4944,regression,4.9122504034865245e-05,4,6,256,8,4,1024,1024,0.1,0.9297779774440714,25,R2,optuna_plus_checkpoint_arch_match,42,results_merge_ce/Bias_correction_r_2/Bias_correction_r_2/checkpoints_42/checkpoint_best/model.pt,results_optuna_ce/Bias_correction_r_2/Bias_correction_r_2/best_params.json,
Brazilian_houses_reproduced,6842,regression,1e-05,2,8,256,4,3,1024,1024,0.1,0.9964331143974384,25,R2,checkpoint_defaults_due_arch_mismatch,42,results_merge_ce/Brazilian_houses_reproduced/Brazilian_houses_reproduced/checkpoints_42/checkpoint_best/model.pt,results_optuna_ce/Brazilian_houses_reproduced/Brazilian_houses_reproduced/best_params.json,d_model
CPMP-2015-regression,1348,regression,7.647426741983054e-05,4,8,256,8,4,512,512,0.1,0.9336519380313237,25,R2,optuna_plus_checkpoint_arch_match,42,results_merge_ce/CPMP-2015-regression/CPMP-2015-regression/checkpoints_42/checkpoint_best/model.pt,results_optuna_ce/CPMP-2015-regression/CPMP-2015-regression/best_params.json,
CPS1988,18019,regression,4.091220574443785e-05,8,6,256,4,1,1024,512,0.1,0.3077544871493393,25,R2,optuna_plus_checkpoint_arch_match,42,results_merge_ce/CPS1988/CPS1988/checkpoints_42/checkpoint_best/model.pt,results_optuna_ce/CPS1988/CPS1988/best_params.json,
CookbookReviews,11636,regression,1.3244581340099339e-05,8,6,256,4,5,2048,1024,0.1,0.07509375184872358,25,R2,optuna_plus_checkpoint_arch_match,42,results_merge_ce/CookbookReviews/CookbookReviews/checkpoints_42/checkpoint_best/model.pt,results_optuna_ce/CookbookReviews/CookbookReviews/best_params.json,
Data_Science_Salaries,2403,regression,1e-05,2,8,256,4,3,1024,1024,0.1,0.1300513786666625,25,R2,checkpoint_defaults_due_arch_mismatch,42,results_merge_ce/Data_Science_Salaries/Data_Science_Salaries/checkpoints_42/checkpoint_best/model.pt,results_optuna_ce/Data_Science_Salaries/Data_Science_Salaries/best_params.json,"d_model,dim_feedforward,hidden_dim,num_decoder_layers"
Diamonds,34521,regression,3.3976001160455366e-05,8,6,512,8,4,512,1024,0.1,0.9779525747995693,25,R2,optuna_plus_checkpoint_arch_match,42,results_merge_ce/Diamonds/Diamonds/checkpoints_42/checkpoint_best/model.pt,results_optuna_ce/Diamonds/Diamonds/best_params.json,
Facebook_Comment_Volume,26207,regression,1e-05,2,8,256,4,3,1024,1024,0.1,0.608858922097937,25,R2,checkpoint_defaults_due_arch_mismatch,42,results_merge_ce/Facebook_Comment_Volume/Facebook_Comment_Volume/checkpoints_42/checkpoint_best/model.pt,results_optuna_ce/Facebook_Comment_Volume/Facebook_Comment_Volume/best_params.json,"d_model,hidden_dim,num_decoder_layers"
Food_Delivery_Time,29179,regression,1.3244581340099339e-05,8,6,256,4,5,2048,1024,0.1,0.2948942360045649,25,R2,optuna_plus_checkpoint_arch_match,42,results_merge_ce/Food_Delivery_Time/Food_Delivery_Time/checkpoints_42/checkpoint_best/model.pt,results_optuna_ce/Food_Delivery_Time/Food_Delivery_Time/best_params.json,
Goodreads-Computer-Books,789,regression,1.7959633910455895e-05,4,8,512,8,4,2048,1024,0.1,0.026826909204116012,25,R2,optuna_plus_checkpoint_arch_match,42,results_merge_ce/Goodreads-Computer-Books/Goodreads-Computer-Books/checkpoints_42/checkpoint_best/model.pt,results_optuna_ce/Goodreads-Computer-Books/Goodreads-Computer-Books/best_params.json,
IEEE80211aa-GATS,2588,regression,3.488871526177494e-05,8,4,512,8,2,2048,1024,0.1,0.9915501621339842,25,R2,optuna_plus_checkpoint_arch_match,42,results_merge_ce/IEEE80211aa-GATS/IEEE80211aa-GATS/checkpoints_42/checkpoint_best/model.pt,results_optuna_ce/IEEE80211aa-GATS/IEEE80211aa-GATS/best_params.json,
Job_Profitability,9267,regression,1e-05,2,8,256,4,3,1024,1024,0.1,0.04615723452475917,25,R2,checkpoint_defaults_due_arch_mismatch,42,results_merge_ce/Job_Profitability/Job_Profitability/checkpoints_42/checkpoint_best/model.pt,results_optuna_ce/Job_Profitability/Job_Profitability/best_params.json,"d_model,dim_feedforward,hidden_dim,num_decoder_layers"
Kaggle_bike_sharing_demand_challange,6966,regression,9.793794549841274e-05,8,6,128,4,3,2048,1024,0.1,0.7873300578976722,25,R2,optuna_plus_checkpoint_arch_match,42,results_merge_ce/Kaggle_bike_sharing_demand_challange/Kaggle_bike_sharing_demand_challange/checkpoints_42/checkpoint_best/model.pt,results_optuna_ce/Kaggle_bike_sharing_demand_challange/Kaggle_bike_sharing_demand_challange/best_params.json,
Laptop_Prices_Dataset,2841,regression,5.428013103027414e-05,8,4,256,8,2,2048,1024,0.1,0.7145829467839164,25,R2,optuna_plus_checkpoint_arch_match,42,results_merge_ce/Laptop_Prices_Dataset/Laptop_Prices_Dataset/checkpoints_42/checkpoint_best/model.pt,results_optuna_ce/Laptop_Prices_Dataset/Laptop_Prices_Dataset/best_params.json,
Large-scale_Wave_Energy_Farm_Perth_100,4656,regression,9.879927557942351e-05,4,6,512,8,4,1024,128,0.1,0.985056302193099,25,R2,optuna_plus_checkpoint_arch_match,42,results_merge_ce/Large-scale_Wave_Energy_Farm_Perth_100/Large-scale_Wave_Energy_Farm_Perth_100/checkpoints_42/checkpoint_best/model.pt,results_optuna_ce/Large-scale_Wave_Energy_Farm_Perth_100/Large-scale_Wave_Energy_Farm_Perth_100/best_params.json,
Large-scale_Wave_Energy_Farm_Sydney_100,1483,regression,7.296312489711165e-05,2,8,256,8,4,1024,128,0.1,0.950474380400271,25,R2,optuna_plus_checkpoint_arch_match,42,results_merge_ce/Large-scale_Wave_Energy_Farm_Sydney_100/Large-scale_Wave_Energy_Farm_Sydney_100/checkpoints_42/checkpoint_best/model.pt,results_optuna_ce/Large-scale_Wave_Energy_Farm_Sydney_100/Large-scale_Wave_Energy_Farm_Sydney_100/best_params.json,
Large-scale_Wave_Energy_Farm_Sydney_49,11496,regression,5.240150975876576e-05,8,4,256,8,2,2048,1024,0.1,0.9929866207090096,25,R2,optuna_plus_checkpoint_arch_match,42,results_merge_ce/Large-scale_Wave_Energy_Farm_Sydney_49/Large-scale_Wave_Energy_Farm_Sydney_49/checkpoints_42/checkpoint_best/model.pt,results_optuna_ce/Large-scale_Wave_Energy_Farm_Sydney_49/Large-scale_Wave_Energy_Farm_Sydney_49/best_params.json,
MIP-2016-regression,697,regression,1e-05,2,8,256,4,3,1024,1024,0.1,0.1321438110600055,25,R2,checkpoint_defaults_due_arch_mismatch,42,results_merge_ce/MIP-2016-regression/MIP-2016-regression/checkpoints_42/checkpoint_best/model.pt,results_optuna_ce/MIP-2016-regression/MIP-2016-regression/best_params.json,"d_model,dim_feedforward,hidden_dim"
MiamiHousing2016,8916,regression,1e-05,2,8,256,4,3,1024,1024,0.1,0.8855122211607728,25,R2,checkpoint_defaults_due_arch_mismatch,42,results_merge_ce/MiamiHousing2016/MiamiHousing2016/checkpoints_42/checkpoint_best/model.pt,results_optuna_ce/MiamiHousing2016/MiamiHousing2016/best_params.json,"d_model,hidden_dim"
Mobile_Phone_Market_in_Ghana,2304,regression,4.77348815541723e-05,4,8,512,8,4,512,1024,0.1,0.8269844900124601,25,R2,optuna_plus_checkpoint_arch_match,42,results_merge_ce/Mobile_Phone_Market_in_Ghana/Mobile_Phone_Market_in_Ghana/checkpoints_42/checkpoint_best/model.pt,results_optuna_ce/Mobile_Phone_Market_in_Ghana/Mobile_Phone_Market_in_Ghana/best_params.json,
Moneyball,788,regression,7.765891516514726e-05,4,6,512,8,2,2048,1024,0.1,0.9212081356360184,25,R2,optuna_plus_checkpoint_arch_match,42,results_merge_ce/Moneyball/Moneyball/checkpoints_42/checkpoint_best/model.pt,results_optuna_ce/Moneyball/Moneyball/best_params.json,
NASA_PHM2008,29387,regression,1e-05,2,8,256,4,3,1024,1024,0.1,0.6443791180685396,25,R2,checkpoint_defaults_due_arch_mismatch,42,results_merge_ce/NASA_PHM2008/NASA_PHM2008/checkpoints_42/checkpoint_best/model.pt,results_optuna_ce/NASA_PHM2008/NASA_PHM2008/best_params.json,"dim_feedforward,num_decoder_layers"
NHANES_age_prediction,1456,regression,3.661205537166672e-05,4,8,128,8,2,512,512,0.1,0.23337896741608022,25,R2,optuna_plus_checkpoint_arch_match,42,results_merge_ce/NHANES_age_prediction/NHANES_age_prediction/checkpoints_42/checkpoint_best/model.pt,results_optuna_ce/NHANES_age_prediction/NHANES_age_prediction/best_params.json,
OnlineNewsPopularity,25372,regression,1e-05,2,8,256,4,3,1024,1024,0.1,0.021745898410135966,25,R2,checkpoint_defaults_due_arch_mismatch,42,results_merge_ce/OnlineNewsPopularity/OnlineNewsPopularity/checkpoints_42/checkpoint_best/model.pt,results_optuna_ce/OnlineNewsPopularity/OnlineNewsPopularity/best_params.json,"d_model,dim_feedforward,hidden_dim"
Parkinson_Multiple_Sound_Recording,665,regression,1e-05,2,8,256,4,3,1024,1024,0.1,0.041076716071308916,25,R2,checkpoint_defaults_due_arch_mismatch,42,results_merge_ce/Parkinson_Multiple_Sound_Recording/Parkinson_Multiple_Sound_Recording/checkpoints_42/checkpoint_best/model.pt,results_optuna_ce/Parkinson_Multiple_Sound_Recording/Parkinson_Multiple_Sound_Recording/best_params.json,"d_model,hidden_dim,num_decoder_layers"
Parkinsons_Telemonitoring,3760,regression,1e-05,2,8,256,4,3,1024,1024,0.1,0.7319424379594354,25,R2,checkpoint_defaults_due_arch_mismatch,42,results_merge_ce/Parkinsons_Telemonitoring/Parkinsons_Telemonitoring/checkpoints_42/checkpoint_best/model.pt,results_optuna_ce/Parkinsons_Telemonitoring/Parkinsons_Telemonitoring/best_params.json,"d_model,dim_feedforward,hidden_dim,num_decoder_layers"
Physicochemical_r,29267,regression,3.466797689393254e-05,8,6,256,4,4,2048,1024,0.1,0.6724066087621593,25,R2,optuna_plus_checkpoint_arch_match,42,results_merge_ce/Physicochemical_r/Physicochemical_r/checkpoints_42/checkpoint_best/model.pt,results_optuna_ce/Physicochemical_r/Physicochemical_r/best_params.json,
SAT11-HAND-runtime-regression,2841,regression,5.200602433780769e-05,2,8,128,8,3,1024,1024,0.1,0.6074297631066197,25,R2,optuna_plus_checkpoint_arch_match,42,results_merge_ce/SAT11-HAND-runtime-regression/SAT11-HAND-runtime-regression/checkpoints_42/checkpoint_best/model.pt,results_optuna_ce/SAT11-HAND-runtime-regression/SAT11-HAND-runtime-regression/best_params.json,
Shop_Customer_Data,1280,regression,3.464336797203492e-05,4,4,128,8,4,512,256,0.1,0.021416249893544737,25,R2,optuna_plus_checkpoint_arch_match,42,results_merge_ce/Shop_Customer_Data/Shop_Customer_Data/checkpoints_42/checkpoint_best/model.pt,results_optuna_ce/Shop_Customer_Data/Shop_Customer_Data/best_params.json,
Superconductivty,13565,regression,1e-05,2,8,256,4,3,1024,1024,0.1,0.9009822585839602,25,R2,checkpoint_defaults_due_arch_mismatch,42,results_merge_ce/Superconductivty/Superconductivty/checkpoints_42/checkpoint_best/model.pt,results_optuna_ce/Superconductivty/Superconductivty/best_params.json,"d_model,dim_feedforward,num_decoder_layers"
Wine_Quality_red,1023,regression,5.424891625477995e-05,8,4,256,4,5,512,512,0.1,0.5092786505026244,25,R2,optuna_plus_checkpoint_arch_match,42,results_merge_ce/Wine_Quality_red/Wine_Quality_red/checkpoints_42/checkpoint_best/model.pt,results_optuna_ce/Wine_Quality_red/Wine_Quality_red/best_params.json,
Wine_Quality_white,3134,regression,1e-05,2,8,256,4,3,1024,1024,0.1,0.3713891793826082,25,R2,checkpoint_defaults_due_arch_mismatch,42,results_merge_ce/Wine_Quality_white/Wine_Quality_white/checkpoints_42/checkpoint_best/model.pt,results_optuna_ce/Wine_Quality_white/Wine_Quality_white/best_params.json,dim_feedforward
airfoil_self_noise,961,regression,8.033066972076337e-05,4,6,512,8,4,2048,512,0.1,0.8801855623748186,25,R2,optuna_plus_checkpoint_arch_match,42,results_merge_ce/airfoil_self_noise/airfoil_self_noise/checkpoints_42/checkpoint_best/model.pt,results_optuna_ce/airfoil_self_noise/airfoil_self_noise/best_params.json,
analcatdata_supreme,2592,regression,3.334064507148477e-05,2,8,512,8,3,2048,1024,0.1,0.9809901922164641,25,R2,optuna_plus_checkpoint_arch_match,42,results_merge_ce/analcatdata_supreme/analcatdata_supreme/checkpoints_42/checkpoint_best/model.pt,results_optuna_ce/analcatdata_supreme/analcatdata_supreme/best_params.json,
archive2,731,regression,1e-05,2,8,256,4,3,1024,1024,0.1,0.26710030148625363,25,R2,checkpoint_defaults_due_arch_mismatch,42,results_merge_ce/archive2/archive2/checkpoints_42/checkpoint_best/model.pt,results_optuna_ce/archive2/archive2/best_params.json,"hidden_dim,num_decoder_layers"
archive_r56_Portuguese,416,regression,1e-05,2,8,256,4,3,1024,1024,0.1,0.22489611467768866,25,R2,checkpoint_defaults_due_arch_mismatch,42,results_merge_ce/archive_r56_Portuguese/archive_r56_Portuguese/checkpoints_42/checkpoint_best/model.pt,results_optuna_ce/archive_r56_Portuguese/archive_r56_Portuguese/best_params.json,"d_model,dim_feedforward,num_decoder_layers"
auction_verification,1307,regression,1e-05,2,8,256,4,3,1024,1024,0.1,0.9249935186772679,25,R2,checkpoint_defaults_due_arch_mismatch,42,results_merge_ce/auction_verification/auction_verification/checkpoints_42/checkpoint_best/model.pt,results_optuna_ce/auction_verification/auction_verification/best_params.json,"d_model,dim_feedforward"
avocado_sales,11679,regression,7.838001714614429e-05,4,4,512,8,2,1024,256,0.1,0.5612599941106999,25,R2,optuna_plus_checkpoint_arch_match,42,results_merge_ce/avocado_sales/avocado_sales/checkpoints_42/checkpoint_best/model.pt,results_optuna_ce/avocado_sales/avocado_sales/best_params.json,
bank32nh,5242,regression,1e-05,2,8,256,4,3,1024,1024,0.1,0.5530487527967674,25,R2,checkpoint_defaults_due_arch_mismatch,42,results_merge_ce/bank32nh/bank32nh/checkpoints_42/checkpoint_best/model.pt,results_optuna_ce/bank32nh/bank32nh/best_params.json,"d_model,dim_feedforward,hidden_dim,num_decoder_layers"
bank8FM,5242,regression,2.3322931283542647e-05,4,6,512,4,3,1024,512,0.1,0.9611480222794775,25,R2,optuna_plus_checkpoint_arch_match,42,results_merge_ce/bank8FM/bank8FM/checkpoints_42/checkpoint_best/model.pt,results_optuna_ce/bank8FM/bank8FM/best_params.json,
boston,323,regression,1e-05,2,8,256,4,3,1024,1024,0.1,0.8651464900256441,25,R2,checkpoint_defaults_due_arch_mismatch,42,results_merge_ce/boston/boston/checkpoints_42/checkpoint_best/model.pt,results_optuna_ce/boston/boston/best_params.json,"d_model,num_decoder_layers"
chscase_foot,336,regression,2.3322931283542647e-05,4,6,512,4,3,1024,512,0.1,0.04298899965009595,25,R2,optuna_plus_checkpoint_arch_match,42,results_merge_ce/chscase_foot/chscase_foot/checkpoints_42/checkpoint_best/model.pt,results_optuna_ce/chscase_foot/chscase_foot/best_params.json,
colleges,4520,regression,2.368863950364079e-05,2,4,128,8,5,512,256,0.1,0.00031027137480987843,25,R2,optuna_plus_checkpoint_arch_match,42,results_merge_ce/colleges/colleges/checkpoints_42/checkpoint_best/model.pt,results_optuna_ce/colleges/colleges/best_params.json,
combined_cycle_power_plant,6123,regression,3.124922395206362e-05,8,4,256,4,3,2048,1024,0.1,0.9530487653049395,25,R2,optuna_plus_checkpoint_arch_match,42,results_merge_ce/combined_cycle_power_plant/combined_cycle_power_plant/checkpoints_42/checkpoint_best/model.pt,results_optuna_ce/combined_cycle_power_plant/combined_cycle_power_plant/best_params.json,
communities_and_crime,1276,regression,3.854501558167248e-05,2,4,256,8,2,2048,1024,0.1,0.6442611297537197,25,R2,optuna_plus_checkpoint_arch_match,42,results_merge_ce/communities_and_crime/communities_and_crime/checkpoints_42/checkpoint_best/model.pt,results_optuna_ce/communities_and_crime/communities_and_crime/best_params.json,
concrete_compressive_strength,659,regression,1e-05,2,8,256,4,3,1024,1024,0.1,0.8668356803913264,25,R2,checkpoint_defaults_due_arch_mismatch,42,results_merge_ce/concrete_compressive_strength/concrete_compressive_strength/checkpoints_42/checkpoint_best/model.pt,results_optuna_ce/concrete_compressive_strength/concrete_compressive_strength/best_params.json,"dim_feedforward,hidden_dim,num_decoder_layers"
cpu_act,5242,regression,1e-05,2,8,256,4,3,1024,1024,0.1,0.9831068234776169,25,R2,checkpoint_defaults_due_arch_mismatch,42,results_merge_ce/cpu_act/cpu_act/checkpoints_42/checkpoint_best/model.pt,results_optuna_ce/cpu_act/cpu_act/best_params.json,"dim_feedforward,num_decoder_layers"
cpu_small,5242,regression,1e-05,2,8,256,4,3,1024,1024,0.1,0.9742577368945672,25,R2,checkpoint_defaults_due_arch_mismatch,42,results_merge_ce/cpu_small/cpu_small/checkpoints_42/checkpoint_best/model.pt,results_optuna_ce/cpu_small/cpu_small/best_params.json,"d_model,dim_feedforward,num_decoder_layers"
dataset_sales,6872,regression,6.395312995506204e-05,4,6,512,8,4,1024,512,0.1,0.5792889739613176,25,R2,optuna_plus_checkpoint_arch_match,42,results_merge_ce/dataset_sales/dataset_sales/checkpoints_42/checkpoint_best/model.pt,results_optuna_ce/dataset_sales/dataset_sales/best_params.json,
debutanizer,1532,regression,8.850379152651271e-05,2,4,256,8,4,512,256,0.1,0.7847811059173773,25,R2,optuna_plus_checkpoint_arch_match,42,results_merge_ce/debutanizer/debutanizer/checkpoints_42/checkpoint_best/model.pt,results_optuna_ce/debutanizer/debutanizer/best_params.json,
delta_elevators,6090,regression,7.296312489711165e-05,2,8,256,8,4,1024,128,0.1,0.6416354074553501,25,R2,optuna_plus_checkpoint_arch_match,42,results_merge_ce/delta_elevators/delta_elevators/checkpoints_42/checkpoint_best/model.pt,results_optuna_ce/delta_elevators/delta_elevators/best_params.json,
elevators,10623,regression,8.850379152651271e-05,2,8,256,8,3,1024,1024,0.1,0.9174245104593621,25,R2,optuna_plus_checkpoint_arch_match,42,results_merge_ce/elevators/elevators/checkpoints_42/checkpoint_best/model.pt,results_optuna_ce/elevators/elevators/best_params.json,
fifa,11560,regression,1e-05,2,8,256,4,3,1024,1024,0.1,0.658473710908908,25,R2,checkpoint_defaults_due_arch_mismatch,42,results_merge_ce/fifa/fifa/checkpoints_42/checkpoint_best/model.pt,results_optuna_ce/fifa/fifa/best_params.json,"d_model,dim_feedforward,num_decoder_layers"
fried,26091,regression,1.0270665642573552e-05,8,6,256,8,4,2048,1024,0.1,0.9540475025710471,25,R2,optuna_plus_checkpoint_arch_match,42,results_merge_ce/fried/fried/checkpoints_42/checkpoint_best/model.pt,results_optuna_ce/fried/fried/best_params.json,
garments_worker_productivity,765,regression,1e-05,2,8,256,4,3,1024,1024,0.1,0.3392545219919768,25,R2,checkpoint_defaults_due_arch_mismatch,42,results_merge_ce/garments_worker_productivity/garments_worker_productivity/checkpoints_42/checkpoint_best/model.pt,results_optuna_ce/garments_worker_productivity/garments_worker_productivity/best_params.json,"dim_feedforward,num_decoder_layers"
gas_turbine_CO_and_NOx_emission,23508,regression,1.8470515432867988e-05,8,6,256,4,4,2048,1024,0.1,0.9983452448854112,25,R2,optuna_plus_checkpoint_arch_match,42,results_merge_ce/gas_turbine_CO_and_NOx_emission/gas_turbine_CO_and_NOx_emission/checkpoints_42/checkpoint_best/model.pt,results_optuna_ce/gas_turbine_CO_and_NOx_emission/gas_turbine_CO_and_NOx_emission/best_params.json,
healthcare_insurance_expenses,856,regression,1e-05,2,8,256,4,3,1024,1024,0.1,0.8674047612240888,25,R2,checkpoint_defaults_due_arch_mismatch,42,results_merge_ce/healthcare_insurance_expenses/healthcare_insurance_expenses/checkpoints_42/checkpoint_best/model.pt,results_optuna_ce/healthcare_insurance_expenses/healthcare_insurance_expenses/best_params.json,"d_model,dim_feedforward,hidden_dim,num_decoder_layers"
house_16H_reg,14581,regression,1e-05,2,8,256,4,3,1024,1024,0.1,0.6382915727569846,25,R2,checkpoint_defaults_due_arch_mismatch,42,results_merge_ce/house_16H_reg/house_16H_reg/checkpoints_42/checkpoint_best/model.pt,results_optuna_ce/house_16H_reg/house_16H_reg/best_params.json,"dim_feedforward,num_decoder_layers"
house_8L,14581,regression,1e-05,2,8,256,4,3,1024,1024,0.1,0.671995219718887,25,R2,checkpoint_defaults_due_arch_mismatch,42,results_merge_ce/house_8L/house_8L/checkpoints_42/checkpoint_best/model.pt,results_optuna_ce/house_8L/house_8L/best_params.json,"d_model,hidden_dim"
house_prices_nominal,934,regression,8.314922613836327e-05,2,8,256,8,2,1024,128,0.1,0.8990395610385429,25,R2,optuna_plus_checkpoint_arch_match,42,results_merge_ce/house_prices_nominal/house_prices_nominal/checkpoints_42/checkpoint_best/model.pt,results_optuna_ce/house_prices_nominal/house_prices_nominal/best_params.json,
house_sales_reduced,13832,regression,1e-05,2,8,256,4,3,1024,1024,0.1,0.8803376700537607,25,R2,checkpoint_defaults_due_arch_mismatch,42,results_merge_ce/house_sales_reduced/house_sales_reduced/checkpoints_42/checkpoint_best/model.pt,results_optuna_ce/house_sales_reduced/house_sales_reduced/best_params.json,"d_model,dim_feedforward,num_decoder_layers"
houses,13209,regression,3.115172835340069e-05,8,4,256,8,3,2048,1024,0.1,0.79753571603522,25,R2,optuna_plus_checkpoint_arch_match,42,results_merge_ce/houses/houses/checkpoints_42/checkpoint_best/model.pt,results_optuna_ce/houses/houses/best_params.json,
housing_price_prediction,348,regression,7.641993145310922e-05,8,8,512,8,2,2048,128,0.1,0.6223647955214773,25,R2,optuna_plus_checkpoint_arch_match,42,results_merge_ce/housing_price_prediction/housing_price_prediction/checkpoints_42/checkpoint_best/model.pt,results_optuna_ce/housing_price_prediction/housing_price_prediction/best_params.json,
kin8nm,5242,regression,1e-05,2,8,256,4,3,1024,1024,0.1,0.9167798085268547,25,R2,checkpoint_defaults_due_arch_mismatch,42,results_merge_ce/kin8nm/kin8nm/checkpoints_42/checkpoint_best/model.pt,results_optuna_ce/kin8nm/kin8nm/best_params.json,"dim_feedforward,num_decoder_layers"
mauna-loa-atmospheric-co2,1424,regression,7.679252279327627e-05,8,4,512,8,4,512,1024,0.1,0.9978866701200988,25,R2,optuna_plus_checkpoint_arch_match,42,results_merge_ce/mauna-loa-atmospheric-co2/mauna-loa-atmospheric-co2/checkpoints_42/checkpoint_best/model.pt,results_optuna_ce/mauna-loa-atmospheric-co2/mauna-loa-atmospheric-co2/best_params.json,
mv,26091,regression,4.6312413472298236e-05,8,6,512,4,4,512,1024,0.1,0.9998767839024851,25,R2,optuna_plus_checkpoint_arch_match,42,results_merge_ce/mv/mv/checkpoints_42/checkpoint_best/model.pt,results_optuna_ce/mv/mv/best_params.json,
pol_reg,9600,regression,1e-05,2,8,256,4,3,1024,1024,0.1,0.9967041630311739,25,R2,checkpoint_defaults_due_arch_mismatch,42,results_merge_ce/pol_reg/pol_reg/checkpoints_42/checkpoint_best/model.pt,results_optuna_ce/pol_reg/pol_reg/best_params.json,"dim_feedforward,hidden_dim,num_decoder_layers"
pole,9598,regression,1e-05,2,8,256,4,3,1024,1024,0.1,0.9962950439752507,25,R2,checkpoint_defaults_due_arch_mismatch,42,results_merge_ce/pole/pole/checkpoints_42/checkpoint_best/model.pt,results_optuna_ce/pole/pole/best_params.json,"d_model,dim_feedforward,num_decoder_layers"
puma32H,5242,regression,1e-05,2,8,256,4,3,1024,1024,0.1,0.8927985033493686,25,R2,checkpoint_defaults_due_arch_mismatch,42,results_merge_ce/puma32H/puma32H/checkpoints_42/checkpoint_best/model.pt,results_optuna_ce/puma32H/puma32H/best_params.json,"hidden_dim,num_decoder_layers"
puma8NH,5242,regression,2.368863950364079e-05,2,4,128,8,5,512,256,0.1,0.7013556695398317,25,R2,optuna_plus_checkpoint_arch_match,42,results_merge_ce/puma8NH/puma8NH/checkpoints_42/checkpoint_best/model.pt,results_optuna_ce/puma8NH/puma8NH/best_params.json,
qsar_aquatic_toxicity,348,regression,1e-05,2,8,256,4,3,1024,1024,0.1,0.44499597510672617,25,R2,checkpoint_defaults_due_arch_mismatch,42,results_merge_ce/qsar_aquatic_toxicity/qsar_aquatic_toxicity/checkpoints_42/checkpoint_best/model.pt,results_optuna_ce/qsar_aquatic_toxicity/qsar_aquatic_toxicity/best_params.json,"dim_feedforward,hidden_dim,num_decoder_layers"
qsar_fish_toxicity,580,regression,9.987884019029237e-05,4,6,256,8,4,1024,128,0.1,0.7277984311230099,25,R2,optuna_plus_checkpoint_arch_match,42,results_merge_ce/qsar_fish_toxicity/qsar_fish_toxicity/checkpoints_42/checkpoint_best/model.pt,results_optuna_ce/qsar_fish_toxicity/qsar_fish_toxicity/best_params.json,
satellite_image,4118,regression,1e-05,2,8,256,4,3,1024,1024,0.1,0.9031938221310996,25,R2,checkpoint_defaults_due_arch_mismatch,42,results_merge_ce/satellite_image/satellite_image/checkpoints_42/checkpoint_best/model.pt,results_optuna_ce/satellite_image/satellite_image/best_params.json,"d_model,hidden_dim,num_decoder_layers"
sensory,368,regression,1e-05,2,8,256,4,3,1024,1024,0.1,0.05410890522275036,25,R2,checkpoint_defaults_due_arch_mismatch,42,results_merge_ce/sensory/sensory/checkpoints_42/checkpoint_best/model.pt,results_optuna_ce/sensory/sensory/best_params.json,"d_model,hidden_dim,num_decoder_layers"
socmob,739,regression,1e-05,2,8,256,4,3,1024,1024,0.1,0.826355387462874,25,R2,checkpoint_defaults_due_arch_mismatch,42,results_merge_ce/socmob/socmob/checkpoints_42/checkpoint_best/model.pt,results_optuna_ce/socmob/socmob/best_params.json,"d_model,dim_feedforward,num_decoder_layers"
space_ga,1988,regression,9.777903013375943e-05,4,6,256,8,2,1024,1024,0.1,0.7347851585115698,25,R2,optuna_plus_checkpoint_arch_match,42,results_merge_ce/space_ga/space_ga/checkpoints_42/checkpoint_best/model.pt,results_optuna_ce/space_ga/space_ga/best_params.json,
steel_industry_energy_consumption,22425,regression,4.300249616561345e-05,8,4,256,8,4,512,1024,0.1,0.9985428143181417,25,R2,optuna_plus_checkpoint_arch_match,42,results_merge_ce/steel_industry_energy_consumption/steel_industry_energy_consumption/checkpoints_42/checkpoint_best/model.pt,results_optuna_ce/steel_industry_energy_consumption/steel_industry_energy_consumption/best_params.json,
stock,608,regression,9.719976505843338e-05,8,4,256,8,4,2048,1024,0.1,0.9817122969879947,25,R2,optuna_plus_checkpoint_arch_match,42,results_merge_ce/stock/stock/checkpoints_42/checkpoint_best/model.pt,results_optuna_ce/stock/stock/best_params.json,
stock_fardamento02,4016,regression,9.337382493214714e-05,4,8,128,8,2,1024,256,0.1,0.552291433174054,25,R2,optuna_plus_checkpoint_arch_match,42,results_merge_ce/stock_fardamento02/stock_fardamento02/checkpoints_42/checkpoint_best/model.pt,results_optuna_ce/stock_fardamento02/stock_fardamento02/best_params.json,
sulfur,6451,regression,5.0253069663926505e-05,4,6,512,8,3,1024,512,0.1,0.845934720544246,25,R2,optuna_plus_checkpoint_arch_match,42,results_merge_ce/sulfur/sulfur/checkpoints_42/checkpoint_best/model.pt,results_optuna_ce/sulfur/sulfur/best_params.json,
topo_2_1,5686,regression,1e-05,2,8,256,4,3,1024,1024,0.1,0.04846806551394156,25,R2,checkpoint_defaults_due_arch_mismatch,42,results_merge_ce/topo_2_1/topo_2_1/checkpoints_42/checkpoint_best/model.pt,results_optuna_ce/topo_2_1/topo_2_1/best_params.json,"d_model,dim_feedforward,hidden_dim,num_decoder_layers"
treasury,671,regression,9.788268276881582e-05,8,4,256,8,4,2048,1024,0.1,0.99521454373774,25,R2,optuna_plus_checkpoint_arch_match,42,results_merge_ce/treasury/treasury/checkpoints_42/checkpoint_best/model.pt,results_optuna_ce/treasury/treasury/best_params.json,
us_crime,1276,regression,1e-05,2,8,256,4,3,1024,1024,0.1,0.7166774428518032,25,R2,checkpoint_defaults_due_arch_mismatch,42,results_merge_ce/us_crime/us_crime/checkpoints_42/checkpoint_best/model.pt,results_optuna_ce/us_crime/us_crime/best_params.json,"d_model,dim_feedforward,hidden_dim,num_decoder_layers"
volume,32635,regression,1e-05,2,8,256,4,3,1024,1024,0.1,0.4778496697594985,25,R2,checkpoint_defaults_due_arch_mismatch,42,results_merge_ce/volume/volume/checkpoints_42/checkpoint_best/model.pt,results_optuna_ce/volume/volume/best_params.json,"d_model,hidden_dim,num_decoder_layers"
weather_izmir,934,regression,5.603193717447517e-05,4,6,512,8,2,2048,512,0.1,0.9905505187255529,25,R2,optuna_plus_checkpoint_arch_match,42,results_merge_ce/weather_izmir/weather_izmir/checkpoints_42/checkpoint_best/model.pt,results_optuna_ce/weather_izmir/weather_izmir/best_params.json,
wind,4207,regression,1e-05,2,8,256,4,3,1024,1024,0.1,0.7870955463333204,25,R2,checkpoint_defaults_due_arch_mismatch,42,results_merge_ce/wind/wind/checkpoints_42/checkpoint_best/model.pt,results_optuna_ce/wind/wind/best_params.json,"d_model,dim_feedforward,hidden_dim,num_decoder_layers"
wine+quality,4157,regression,2.9291783320679985e-05,4,6,256,8,2,512,1024,0.1,0.44401729683431135,25,R2,optuna_plus_checkpoint_arch_match,42,results_merge_ce/wine+quality/wine+quality/checkpoints_42/checkpoint_best/model.pt,results_optuna_ce/wine+quality/wine+quality/best_params.json,
yprop_4_1,5686,regression,1e-05,2,8,256,4,3,1024,1024,0.1,0.038028473296502385,25,R2,checkpoint_defaults_due_arch_mismatch,42,results_merge_ce/yprop_4_1/yprop_4_1/checkpoints_42/checkpoint_best/model.pt,results_optuna_ce/yprop_4_1/yprop_4_1/best_params.json,"dim_feedforward,hidden_dim,num_decoder_layers"
